{"logitech_webcam":{"rot":[-0.0225430466234684,0.0030104138422757387,0.9822458624839783,-0.19964945316314697],"trans":[-0.03079713135957718,0.783005952835083,1.8357303142547607]}}